<routes>
            <vType accel="1.0" decel="4.5" id="standard_car" length="5.0" minGap="2.5" maxSpeed="25" sigma="0.5" />

            <route id="W_N" edges="A2B2 B2B3"/>
            <route id="W_E" edges="A2B2 B2C2"/>
            <route id="W_S" edges="A2B2 B2B1"/>
            <route id="N_W" edges="B3B2 B2A2"/>
            <route id="N_E" edges="B3B2 B2C2"/>
            <route id="N_S" edges="B3B2 B2B1"/>
            <route id="E_W" edges="C2B2 B2A2"/>
            <route id="E_N" edges="C2B2 B2B3"/>
            <route id="E_S" edges="C2B2 B2B1"/>
            <route id="S_W" edges="B1B2 B2A2"/>
            <route id="S_N" edges="B1B2 B2B3"/>
            <route id="S_E" edges="B1B2 B2C2"/>
    <vehicle id="W_E_0" type="standard_car" route="W_E" depart="3.0" departLane="random" departSpeed="10" />
    <vehicle id="N_S_1" type="standard_car" route="N_S" depart="3.0" departLane="random" departSpeed="10" />
    <vehicle id="W_E_2" type="standard_car" route="W_E" depart="4.0" departLane="random" departSpeed="10" />
    <vehicle id="S_N_3" type="standard_car" route="S_N" depart="5.0" departLane="random" departSpeed="10" />
    <vehicle id="N_S_4" type="standard_car" route="N_S" depart="5.0" departLane="random" departSpeed="10" />
    <vehicle id="S_N_5" type="standard_car" route="S_N" depart="5.0" departLane="random" departSpeed="10" />
    <vehicle id="S_N_6" type="standard_car" route="S_N" depart="6.0" departLane="random" departSpeed="10" />
    <vehicle id="N_S_7" type="standard_car" route="N_S" depart="7.0" departLane="random" departSpeed="10" />
    <vehicle id="N_S_8" type="standard_car" route="N_S" depart="8.0" departLane="random" departSpeed="10" />
    <vehicle id="S_N_9" type="standard_car" route="S_N" depart="8.0" departLane="random" departSpeed="10" />
    <vehicle id="S_N_10" type="standard_car" route="S_N" depart="8.0" departLane="random" departSpeed="10" />
    <vehicle id="W_E_11" type="standard_car" route="W_E" depart="8.0" departLane="random" departSpeed="10" />
    <vehicle id="W_E_12" type="standard_car" route="W_E" depart="9.0" departLane="random" departSpeed="10" />
    <vehicle id="W_E_13" type="standard_car" route="W_E" depart="9.0" departLane="random" departSpeed="10" />
    <vehicle id="S_W_14" type="standard_car" route="S_W" depart="9.0" departLane="random" departSpeed="10" />
    <vehicle id="N_W_15" type="standard_car" route="N_W" depart="9.0" departLane="random" departSpeed="10" />
    <vehicle id="W_S_16" type="standard_car" route="W_S" depart="9.0" departLane="random" departSpeed="10" />
    <vehicle id="N_W_17" type="standard_car" route="N_W" depart="10.0" departLane="random" departSpeed="10" />
    <vehicle id="S_N_18" type="standard_car" route="S_N" depart="10.0" departLane="random" departSpeed="10" />
    <vehicle id="E_W_19" type="standard_car" route="E_W" depart="10.0" departLane="random" departSpeed="10" />
    <vehicle id="S_W_20" type="standard_car" route="S_W" depart="10.0" departLane="random" departSpeed="10" />
    <vehicle id="E_N_21" type="standard_car" route="E_N" depart="10.0" departLane="random" departSpeed="10" />
    <vehicle id="E_W_22" type="standard_car" route="E_W" depart="10.0" departLane="random" departSpeed="10" />
    <vehicle id="E_W_23" type="standard_car" route="E_W" depart="10.0" departLane="random" departSpeed="10" />
    <vehicle id="E_W_24" type="standard_car" route="E_W" depart="11.0" departLane="random" departSpeed="10" />
    <vehicle id="S_W_25" type="standard_car" route="S_W" depart="11.0" departLane="random" departSpeed="10" />
    <vehicle id="N_S_26" type="standard_car" route="N_S" depart="11.0" departLane="random" departSpeed="10" />
    <vehicle id="S_N_27" type="standard_car" route="S_N" depart="11.0" departLane="random" departSpeed="10" />
    <vehicle id="N_S_28" type="standard_car" route="N_S" depart="12.0" departLane="random" departSpeed="10" />
    <vehicle id="N_S_29" type="standard_car" route="N_S" depart="12.0" departLane="random" departSpeed="10" />
    <vehicle id="W_E_30" type="standard_car" route="W_E" depart="12.0" departLane="random" departSpeed="10" />
    <vehicle id="S_W_31" type="standard_car" route="S_W" depart="12.0" departLane="random" departSpeed="10" />
    <vehicle id="N_E_32" type="standard_car" route="N_E" depart="12.0" departLane="random" departSpeed="10" />
    <vehicle id="W_E_33" type="standard_car" route="W_E" depart="12.0" departLane="random" departSpeed="10" />
    <vehicle id="E_W_34" type="standard_car" route="E_W" depart="12.0" departLane="random" departSpeed="10" />
    <vehicle id="S_N_35" type="standard_car" route="S_N" depart="12.0" departLane="random" departSpeed="10" />
    <vehicle id="W_N_36" type="standard_car" route="W_N" depart="13.0" departLane="random" departSpeed="10" />
    <vehicle id="N_S_37" type="standard_car" route="N_S" depart="13.0" departLane="random" departSpeed="10" />
    <vehicle id="S_N_38" type="standard_car" route="S_N" depart="13.0" departLane="random" departSpeed="10" />
    <vehicle id="W_E_39" type="standard_car" route="W_E" depart="14.0" departLane="random" departSpeed="10" />
    <vehicle id="N_S_40" type="standard_car" route="N_S" depart="14.0" departLane="random" departSpeed="10" />
    <vehicle id="W_E_41" type="standard_car" route="W_E" depart="14.0" departLane="random" departSpeed="10" />
    <vehicle id="E_W_42" type="standard_car" route="E_W" depart="14.0" departLane="random" departSpeed="10" />
    <vehicle id="S_N_43" type="standard_car" route="S_N" depart="15.0" departLane="random" departSpeed="10" />
    <vehicle id="N_S_44" type="standard_car" route="N_S" depart="15.0" departLane="random" departSpeed="10" />
    <vehicle id="N_S_45" type="standard_car" route="N_S" depart="15.0" departLane="random" departSpeed="10" />
    <vehicle id="S_W_46" type="standard_car" route="S_W" depart="15.0" departLane="random" departSpeed="10" />
    <vehicle id="E_W_47" type="standard_car" route="E_W" depart="15.0" departLane="random" departSpeed="10" />
    <vehicle id="N_W_48" type="standard_car" route="N_W" depart="15.0" departLane="random" departSpeed="10" />
    <vehicle id="W_S_49" type="standard_car" route="W_S" depart="15.0" departLane="random" departSpeed="10" />
    <vehicle id="S_N_50" type="standard_car" route="S_N" depart="15.0" departLane="random" departSpeed="10" />
    <vehicle id="N_S_51" type="standard_car" route="N_S" depart="16.0" departLane="random" departSpeed="10" />
    <vehicle id="W_E_52" type="standard_car" route="W_E" depart="16.0" departLane="random" departSpeed="10" />
    <vehicle id="S_N_53" type="standard_car" route="S_N" depart="16.0" departLane="random" departSpeed="10" />
    <vehicle id="S_W_54" type="standard_car" route="S_W" depart="16.0" departLane="random" departSpeed="10" />
    <vehicle id="N_S_55" type="standard_car" route="N_S" depart="16.0" departLane="random" departSpeed="10" />
    <vehicle id="S_N_56" type="standard_car" route="S_N" depart="16.0" departLane="random" departSpeed="10" />
    <vehicle id="E_W_57" type="standard_car" route="E_W" depart="16.0" departLane="random" departSpeed="10" />
    <vehicle id="N_S_58" type="standard_car" route="N_S" depart="17.0" departLane="random" departSpeed="10" />
    <vehicle id="W_E_59" type="standard_car" route="W_E" depart="17.0" departLane="random" departSpeed="10" />
    <vehicle id="W_E_60" type="standard_car" route="W_E" depart="17.0" departLane="random" departSpeed="10" />
    <vehicle id="W_E_61" type="standard_car" route="W_E" depart="17.0" departLane="random" departSpeed="10" />
    <vehicle id="E_W_62" type="standard_car" route="E_W" depart="17.0" departLane="random" departSpeed="10" />
    <vehicle id="S_E_63" type="standard_car" route="S_E" depart="17.0" departLane="random" departSpeed="10" />
    <vehicle id="W_N_64" type="standard_car" route="W_N" depart="17.0" departLane="random" departSpeed="10" />
    <vehicle id="E_W_65" type="standard_car" route="E_W" depart="18.0" departLane="random" departSpeed="10" />
    <vehicle id="W_S_66" type="standard_car" route="W_S" depart="18.0" departLane="random" departSpeed="10" />
    <vehicle id="S_N_67" type="standard_car" route="S_N" depart="18.0" departLane="random" departSpeed="10" />
    <vehicle id="E_W_68" type="standard_car" route="E_W" depart="19.0" departLane="random" departSpeed="10" />
    <vehicle id="S_N_69" type="standard_car" route="S_N" depart="19.0" departLane="random" departSpeed="10" />
    <vehicle id="S_E_70" type="standard_car" route="S_E" depart="19.0" departLane="random" departSpeed="10" />
    <vehicle id="W_S_71" type="standard_car" route="W_S" depart="19.0" departLane="random" departSpeed="10" />
    <vehicle id="E_W_72" type="standard_car" route="E_W" depart="19.0" departLane="random" departSpeed="10" />
    <vehicle id="S_N_73" type="standard_car" route="S_N" depart="19.0" departLane="random" departSpeed="10" />
    <vehicle id="S_N_74" type="standard_car" route="S_N" depart="19.0" departLane="random" departSpeed="10" />
    <vehicle id="N_S_75" type="standard_car" route="N_S" depart="19.0" departLane="random" departSpeed="10" />
    <vehicle id="W_E_76" type="standard_car" route="W_E" depart="19.0" departLane="random" departSpeed="10" />
    <vehicle id="N_S_77" type="standard_car" route="N_S" depart="19.0" departLane="random" departSpeed="10" />
    <vehicle id="W_E_78" type="standard_car" route="W_E" depart="19.0" departLane="random" departSpeed="10" />
    <vehicle id="N_S_79" type="standard_car" route="N_S" depart="19.0" departLane="random" departSpeed="10" />
    <vehicle id="S_N_80" type="standard_car" route="S_N" depart="20.0" departLane="random" departSpeed="10" />
    <vehicle id="S_N_81" type="standard_car" route="S_N" depart="20.0" departLane="random" departSpeed="10" />
    <vehicle id="E_W_82" type="standard_car" route="E_W" depart="20.0" departLane="random" departSpeed="10" />
    <vehicle id="E_W_83" type="standard_car" route="E_W" depart="20.0" departLane="random" departSpeed="10" />
    <vehicle id="E_W_84" type="standard_car" route="E_W" depart="20.0" departLane="random" departSpeed="10" />
    <vehicle id="N_W_85" type="standard_car" route="N_W" depart="20.0" departLane="random" departSpeed="10" />
    <vehicle id="N_S_86" type="standard_car" route="N_S" depart="20.0" departLane="random" departSpeed="10" />
    <vehicle id="E_W_87" type="standard_car" route="E_W" depart="20.0" departLane="random" departSpeed="10" />
    <vehicle id="N_E_88" type="standard_car" route="N_E" depart="21.0" departLane="random" departSpeed="10" />
    <vehicle id="S_W_89" type="standard_car" route="S_W" depart="21.0" departLane="random" departSpeed="10" />
    <vehicle id="W_E_90" type="standard_car" route="W_E" depart="21.0" departLane="random" departSpeed="10" />
    <vehicle id="W_S_91" type="standard_car" route="W_S" depart="21.0" departLane="random" departSpeed="10" />
    <vehicle id="N_S_92" type="standard_car" route="N_S" depart="21.0" departLane="random" departSpeed="10" />
    <vehicle id="E_W_93" type="standard_car" route="E_W" depart="21.0" departLane="random" departSpeed="10" />
    <vehicle id="E_W_94" type="standard_car" route="E_W" depart="21.0" departLane="random" departSpeed="10" />
    <vehicle id="N_W_95" type="standard_car" route="N_W" depart="22.0" departLane="random" departSpeed="10" />
    <vehicle id="E_W_96" type="standard_car" route="E_W" depart="22.0" departLane="random" departSpeed="10" />
    <vehicle id="N_S_97" type="standard_car" route="N_S" depart="22.0" departLane="random" departSpeed="10" />
    <vehicle id="S_W_98" type="standard_car" route="S_W" depart="22.0" departLane="random" departSpeed="10" />
    <vehicle id="W_S_99" type="standard_car" route="W_S" depart="22.0" departLane="random" departSpeed="10" />
    <vehicle id="N_W_100" type="standard_car" route="N_W" depart="23.0" departLane="random" departSpeed="10" />
    <vehicle id="S_N_101" type="standard_car" route="S_N" depart="23.0" departLane="random" departSpeed="10" />
    <vehicle id="S_N_102" type="standard_car" route="S_N" depart="23.0" departLane="random" departSpeed="10" />
    <vehicle id="W_E_103" type="standard_car" route="W_E" depart="23.0" departLane="random" departSpeed="10" />
    <vehicle id="N_S_104" type="standard_car" route="N_S" depart="23.0" departLane="random" departSpeed="10" />
    <vehicle id="N_S_105" type="standard_car" route="N_S" depart="24.0" departLane="random" departSpeed="10" />
    <vehicle id="W_S_106" type="standard_car" route="W_S" depart="24.0" departLane="random" departSpeed="10" />
    <vehicle id="N_S_107" type="standard_car" route="N_S" depart="24.0" departLane="random" departSpeed="10" />
    <vehicle id="N_S_108" type="standard_car" route="N_S" depart="25.0" departLane="random" departSpeed="10" />
    <vehicle id="N_S_109" type="standard_car" route="N_S" depart="25.0" departLane="random" departSpeed="10" />
    <vehicle id="S_N_110" type="standard_car" route="S_N" depart="25.0" departLane="random" departSpeed="10" />
    <vehicle id="S_N_111" type="standard_car" route="S_N" depart="25.0" departLane="random" departSpeed="10" />
    <vehicle id="W_E_112" type="standard_car" route="W_E" depart="25.0" departLane="random" departSpeed="10" />
    <vehicle id="W_E_113" type="standard_car" route="W_E" depart="25.0" departLane="random" departSpeed="10" />
    <vehicle id="W_E_114" type="standard_car" route="W_E" depart="26.0" departLane="random" departSpeed="10" />
    <vehicle id="E_W_115" type="standard_car" route="E_W" depart="26.0" departLane="random" departSpeed="10" />
    <vehicle id="W_E_116" type="standard_car" route="W_E" depart="26.0" departLane="random" departSpeed="10" />
    <vehicle id="W_E_117" type="standard_car" route="W_E" depart="26.0" departLane="random" departSpeed="10" />
    <vehicle id="S_E_118" type="standard_car" route="S_E" depart="26.0" departLane="random" departSpeed="10" />
    <vehicle id="S_N_119" type="standard_car" route="S_N" depart="26.0" departLane="random" departSpeed="10" />
    <vehicle id="W_E_120" type="standard_car" route="W_E" depart="26.0" departLane="random" departSpeed="10" />
    <vehicle id="N_W_121" type="standard_car" route="N_W" depart="26.0" departLane="random" departSpeed="10" />
    <vehicle id="N_S_122" type="standard_car" route="N_S" depart="26.0" departLane="random" departSpeed="10" />
    <vehicle id="E_W_123" type="standard_car" route="E_W" depart="27.0" departLane="random" departSpeed="10" />
    <vehicle id="W_E_124" type="standard_car" route="W_E" depart="27.0" departLane="random" departSpeed="10" />
    <vehicle id="E_N_125" type="standard_car" route="E_N" depart="27.0" departLane="random" departSpeed="10" />
    <vehicle id="W_E_126" type="standard_car" route="W_E" depart="27.0" departLane="random" departSpeed="10" />
    <vehicle id="W_N_127" type="standard_car" route="W_N" depart="27.0" departLane="random" departSpeed="10" />
    <vehicle id="S_W_128" type="standard_car" route="S_W" depart="27.0" departLane="random" departSpeed="10" />
    <vehicle id="N_S_129" type="standard_car" route="N_S" depart="27.0" departLane="random" departSpeed="10" />
    <vehicle id="E_S_130" type="standard_car" route="E_S" depart="28.0" departLane="random" departSpeed="10" />
    <vehicle id="E_N_131" type="standard_car" route="E_N" depart="28.0" departLane="random" departSpeed="10" />
    <vehicle id="S_N_132" type="standard_car" route="S_N" depart="28.0" departLane="random" departSpeed="10" />
    <vehicle id="S_N_133" type="standard_car" route="S_N" depart="28.0" departLane="random" departSpeed="10" />
    <vehicle id="E_N_134" type="standard_car" route="E_N" depart="28.0" departLane="random" departSpeed="10" />
    <vehicle id="S_W_135" type="standard_car" route="S_W" depart="28.0" departLane="random" departSpeed="10" />
    <vehicle id="E_W_136" type="standard_car" route="E_W" depart="28.0" departLane="random" departSpeed="10" />
    <vehicle id="E_N_137" type="standard_car" route="E_N" depart="28.0" departLane="random" departSpeed="10" />
    <vehicle id="S_N_138" type="standard_car" route="S_N" depart="28.0" departLane="random" departSpeed="10" />
    <vehicle id="W_E_139" type="standard_car" route="W_E" depart="28.0" departLane="random" departSpeed="10" />
    <vehicle id="N_S_140" type="standard_car" route="N_S" depart="28.0" departLane="random" departSpeed="10" />
    <vehicle id="N_S_141" type="standard_car" route="N_S" depart="29.0" departLane="random" departSpeed="10" />
    <vehicle id="S_N_142" type="standard_car" route="S_N" depart="29.0" departLane="random" departSpeed="10" />
    <vehicle id="W_E_143" type="standard_car" route="W_E" depart="29.0" departLane="random" departSpeed="10" />
    <vehicle id="E_W_144" type="standard_car" route="E_W" depart="29.0" departLane="random" departSpeed="10" />
    <vehicle id="N_S_145" type="standard_car" route="N_S" depart="29.0" departLane="random" departSpeed="10" />
    <vehicle id="S_N_146" type="standard_car" route="S_N" depart="29.0" departLane="random" departSpeed="10" />
    <vehicle id="S_N_147" type="standard_car" route="S_N" depart="29.0" departLane="random" departSpeed="10" />
    <vehicle id="S_E_148" type="standard_car" route="S_E" depart="29.0" departLane="random" departSpeed="10" />
    <vehicle id="N_S_149" type="standard_car" route="N_S" depart="29.0" departLane="random" departSpeed="10" />
    <vehicle id="E_W_150" type="standard_car" route="E_W" depart="29.0" departLane="random" departSpeed="10" />
    <vehicle id="S_N_151" type="standard_car" route="S_N" depart="29.0" departLane="random" departSpeed="10" />
    <vehicle id="E_W_152" type="standard_car" route="E_W" depart="30.0" departLane="random" departSpeed="10" />
    <vehicle id="E_W_153" type="standard_car" route="E_W" depart="30.0" departLane="random" departSpeed="10" />
    <vehicle id="W_E_154" type="standard_car" route="W_E" depart="30.0" departLane="random" departSpeed="10" />
    <vehicle id="W_N_155" type="standard_car" route="W_N" depart="30.0" departLane="random" departSpeed="10" />
    <vehicle id="S_W_156" type="standard_car" route="S_W" depart="30.0" departLane="random" departSpeed="10" />
    <vehicle id="S_N_157" type="standard_car" route="S_N" depart="30.0" departLane="random" departSpeed="10" />
    <vehicle id="E_W_158" type="standard_car" route="E_W" depart="30.0" departLane="random" departSpeed="10" />
    <vehicle id="N_S_159" type="standard_car" route="N_S" depart="30.0" departLane="random" departSpeed="10" />
    <vehicle id="S_N_160" type="standard_car" route="S_N" depart="30.0" departLane="random" departSpeed="10" />
    <vehicle id="N_S_161" type="standard_car" route="N_S" depart="30.0" departLane="random" departSpeed="10" />
    <vehicle id="W_E_162" type="standard_car" route="W_E" depart="30.0" departLane="random" departSpeed="10" />
    <vehicle id="S_N_163" type="standard_car" route="S_N" depart="31.0" departLane="random" departSpeed="10" />
    <vehicle id="S_E_164" type="standard_car" route="S_E" depart="31.0" departLane="random" departSpeed="10" />
    <vehicle id="N_S_165" type="standard_car" route="N_S" depart="31.0" departLane="random" departSpeed="10" />
    <vehicle id="S_E_166" type="standard_car" route="S_E" depart="31.0" departLane="random" departSpeed="10" />
    <vehicle id="W_E_167" type="standard_car" route="W_E" depart="31.0" departLane="random" departSpeed="10" />
    <vehicle id="E_W_168" type="standard_car" route="E_W" depart="31.0" departLane="random" departSpeed="10" />
    <vehicle id="E_W_169" type="standard_car" route="E_W" depart="31.0" departLane="random" departSpeed="10" />
    <vehicle id="N_S_170" type="standard_car" route="N_S" depart="32.0" departLane="random" departSpeed="10" />
    <vehicle id="N_S_171" type="standard_car" route="N_S" depart="32.0" departLane="random" departSpeed="10" />
    <vehicle id="E_W_172" type="standard_car" route="E_W" depart="32.0" departLane="random" departSpeed="10" />
    <vehicle id="E_W_173" type="standard_car" route="E_W" depart="32.0" departLane="random" departSpeed="10" />
    <vehicle id="E_S_174" type="standard_car" route="E_S" depart="32.0" departLane="random" departSpeed="10" />
    <vehicle id="E_W_175" type="standard_car" route="E_W" depart="32.0" departLane="random" departSpeed="10" />
    <vehicle id="E_W_176" type="standard_car" route="E_W" depart="33.0" departLane="random" departSpeed="10" />
    <vehicle id="W_E_177" type="standard_car" route="W_E" depart="33.0" departLane="random" departSpeed="10" />
    <vehicle id="E_W_178" type="standard_car" route="E_W" depart="33.0" departLane="random" departSpeed="10" />
    <vehicle id="E_N_179" type="standard_car" route="E_N" depart="33.0" departLane="random" departSpeed="10" />
    <vehicle id="S_N_180" type="standard_car" route="S_N" depart="33.0" departLane="random" departSpeed="10" />
    <vehicle id="W_E_181" type="standard_car" route="W_E" depart="34.0" departLane="random" departSpeed="10" />
    <vehicle id="E_W_182" type="standard_car" route="E_W" depart="34.0" departLane="random" departSpeed="10" />
    <vehicle id="N_S_183" type="standard_car" route="N_S" depart="34.0" departLane="random" departSpeed="10" />
    <vehicle id="W_E_184" type="standard_car" route="W_E" depart="34.0" departLane="random" departSpeed="10" />
    <vehicle id="N_E_185" type="standard_car" route="N_E" depart="35.0" departLane="random" departSpeed="10" />
    <vehicle id="W_E_186" type="standard_car" route="W_E" depart="35.0" departLane="random" departSpeed="10" />
    <vehicle id="W_E_187" type="standard_car" route="W_E" depart="35.0" departLane="random" departSpeed="10" />
    <vehicle id="N_S_188" type="standard_car" route="N_S" depart="35.0" departLane="random" departSpeed="10" />
    <vehicle id="N_E_189" type="standard_car" route="N_E" depart="35.0" departLane="random" departSpeed="10" />
    <vehicle id="E_S_190" type="standard_car" route="E_S" depart="36.0" departLane="random" departSpeed="10" />
    <vehicle id="E_W_191" type="standard_car" route="E_W" depart="36.0" departLane="random" departSpeed="10" />
    <vehicle id="N_E_192" type="standard_car" route="N_E" depart="36.0" departLane="random" departSpeed="10" />
    <vehicle id="N_W_193" type="standard_car" route="N_W" depart="37.0" departLane="random" departSpeed="10" />
    <vehicle id="E_W_194" type="standard_car" route="E_W" depart="37.0" departLane="random" departSpeed="10" />
    <vehicle id="S_E_195" type="standard_car" route="S_E" depart="37.0" departLane="random" departSpeed="10" />
    <vehicle id="E_W_196" type="standard_car" route="E_W" depart="37.0" departLane="random" departSpeed="10" />
    <vehicle id="E_W_197" type="standard_car" route="E_W" depart="37.0" departLane="random" departSpeed="10" />
    <vehicle id="W_E_198" type="standard_car" route="W_E" depart="38.0" departLane="random" departSpeed="10" />
    <vehicle id="S_N_199" type="standard_car" route="S_N" depart="38.0" departLane="random" departSpeed="10" />
    <vehicle id="N_S_200" type="standard_car" route="N_S" depart="38.0" departLane="random" departSpeed="10" />
    <vehicle id="E_W_201" type="standard_car" route="E_W" depart="38.0" departLane="random" departSpeed="10" />
    <vehicle id="S_N_202" type="standard_car" route="S_N" depart="38.0" departLane="random" departSpeed="10" />
    <vehicle id="W_E_203" type="standard_car" route="W_E" depart="39.0" departLane="random" departSpeed="10" />
    <vehicle id="W_E_204" type="standard_car" route="W_E" depart="39.0" departLane="random" departSpeed="10" />
    <vehicle id="E_W_205" type="standard_car" route="E_W" depart="39.0" departLane="random" departSpeed="10" />
    <vehicle id="S_N_206" type="standard_car" route="S_N" depart="39.0" departLane="random" departSpeed="10" />
    <vehicle id="W_E_207" type="standard_car" route="W_E" depart="39.0" departLane="random" departSpeed="10" />
    <vehicle id="W_N_208" type="standard_car" route="W_N" depart="39.0" departLane="random" departSpeed="10" />
    <vehicle id="N_S_209" type="standard_car" route="N_S" depart="39.0" departLane="random" departSpeed="10" />
    <vehicle id="S_E_210" type="standard_car" route="S_E" depart="39.0" departLane="random" departSpeed="10" />
    <vehicle id="W_N_211" type="standard_car" route="W_N" depart="39.0" departLane="random" departSpeed="10" />
    <vehicle id="S_N_212" type="standard_car" route="S_N" depart="40.0" departLane="random" departSpeed="10" />
    <vehicle id="W_E_213" type="standard_car" route="W_E" depart="41.0" departLane="random" departSpeed="10" />
    <vehicle id="W_E_214" type="standard_car" route="W_E" depart="41.0" departLane="random" departSpeed="10" />
    <vehicle id="S_N_215" type="standard_car" route="S_N" depart="41.0" departLane="random" departSpeed="10" />
    <vehicle id="W_E_216" type="standard_car" route="W_E" depart="41.0" departLane="random" departSpeed="10" />
    <vehicle id="S_N_217" type="standard_car" route="S_N" depart="41.0" departLane="random" departSpeed="10" />
    <vehicle id="W_E_218" type="standard_car" route="W_E" depart="41.0" departLane="random" departSpeed="10" />
    <vehicle id="W_E_219" type="standard_car" route="W_E" depart="42.0" departLane="random" departSpeed="10" />
    <vehicle id="S_N_220" type="standard_car" route="S_N" depart="42.0" departLane="random" departSpeed="10" />
    <vehicle id="S_W_221" type="standard_car" route="S_W" depart="42.0" departLane="random" departSpeed="10" />
    <vehicle id="W_E_222" type="standard_car" route="W_E" depart="42.0" departLane="random" departSpeed="10" />
    <vehicle id="N_S_223" type="standard_car" route="N_S" depart="42.0" departLane="random" departSpeed="10" />
    <vehicle id="S_N_224" type="standard_car" route="S_N" depart="42.0" departLane="random" departSpeed="10" />
    <vehicle id="E_W_225" type="standard_car" route="E_W" depart="43.0" departLane="random" departSpeed="10" />
    <vehicle id="N_S_226" type="standard_car" route="N_S" depart="43.0" departLane="random" departSpeed="10" />
    <vehicle id="E_W_227" type="standard_car" route="E_W" depart="43.0" departLane="random" departSpeed="10" />
    <vehicle id="W_N_228" type="standard_car" route="W_N" depart="44.0" departLane="random" departSpeed="10" />
    <vehicle id="W_S_229" type="standard_car" route="W_S" depart="44.0" departLane="random" departSpeed="10" />
    <vehicle id="W_E_230" type="standard_car" route="W_E" depart="44.0" departLane="random" departSpeed="10" />
    <vehicle id="N_E_231" type="standard_car" route="N_E" depart="44.0" departLane="random" departSpeed="10" />
    <vehicle id="S_N_232" type="standard_car" route="S_N" depart="44.0" departLane="random" departSpeed="10" />
    <vehicle id="E_W_233" type="standard_car" route="E_W" depart="44.0" departLane="random" departSpeed="10" />
    <vehicle id="W_E_234" type="standard_car" route="W_E" depart="44.0" departLane="random" departSpeed="10" />
    <vehicle id="N_S_235" type="standard_car" route="N_S" depart="44.0" departLane="random" departSpeed="10" />
    <vehicle id="E_W_236" type="standard_car" route="E_W" depart="44.0" departLane="random" departSpeed="10" />
    <vehicle id="E_W_237" type="standard_car" route="E_W" depart="45.0" departLane="random" departSpeed="10" />
    <vehicle id="S_N_238" type="standard_car" route="S_N" depart="45.0" departLane="random" departSpeed="10" />
    <vehicle id="E_S_239" type="standard_car" route="E_S" depart="45.0" departLane="random" departSpeed="10" />
    <vehicle id="E_W_240" type="standard_car" route="E_W" depart="45.0" departLane="random" departSpeed="10" />
    <vehicle id="S_N_241" type="standard_car" route="S_N" depart="46.0" departLane="random" departSpeed="10" />
    <vehicle id="S_N_242" type="standard_car" route="S_N" depart="46.0" departLane="random" departSpeed="10" />
    <vehicle id="N_S_243" type="standard_car" route="N_S" depart="46.0" departLane="random" departSpeed="10" />
    <vehicle id="W_E_244" type="standard_car" route="W_E" depart="46.0" departLane="random" departSpeed="10" />
    <vehicle id="W_E_245" type="standard_car" route="W_E" depart="46.0" departLane="random" departSpeed="10" />
    <vehicle id="W_S_246" type="standard_car" route="W_S" depart="46.0" departLane="random" departSpeed="10" />
    <vehicle id="W_E_247" type="standard_car" route="W_E" depart="46.0" departLane="random" departSpeed="10" />
    <vehicle id="W_N_248" type="standard_car" route="W_N" depart="47.0" departLane="random" departSpeed="10" />
    <vehicle id="S_N_249" type="standard_car" route="S_N" depart="47.0" departLane="random" departSpeed="10" />
    <vehicle id="E_W_250" type="standard_car" route="E_W" depart="47.0" departLane="random" departSpeed="10" />
    <vehicle id="N_S_251" type="standard_car" route="N_S" depart="48.0" departLane="random" departSpeed="10" />
    <vehicle id="N_S_252" type="standard_car" route="N_S" depart="49.0" departLane="random" departSpeed="10" />
    <vehicle id="E_W_253" type="standard_car" route="E_W" depart="49.0" departLane="random" departSpeed="10" />
    <vehicle id="S_N_254" type="standard_car" route="S_N" depart="49.0" departLane="random" departSpeed="10" />
    <vehicle id="W_E_255" type="standard_car" route="W_E" depart="49.0" departLane="random" departSpeed="10" />
    <vehicle id="N_W_256" type="standard_car" route="N_W" depart="50.0" departLane="random" departSpeed="10" />
    <vehicle id="N_S_257" type="standard_car" route="N_S" depart="50.0" departLane="random" departSpeed="10" />
    <vehicle id="N_S_258" type="standard_car" route="N_S" depart="50.0" departLane="random" departSpeed="10" />
    <vehicle id="N_S_259" type="standard_car" route="N_S" depart="51.0" departLane="random" departSpeed="10" />
    <vehicle id="E_S_260" type="standard_car" route="E_S" depart="52.0" departLane="random" departSpeed="10" />
    <vehicle id="W_E_261" type="standard_car" route="W_E" depart="52.0" departLane="random" departSpeed="10" />
    <vehicle id="N_S_262" type="standard_car" route="N_S" depart="52.0" departLane="random" departSpeed="10" />
    <vehicle id="S_E_263" type="standard_car" route="S_E" depart="52.0" departLane="random" departSpeed="10" />
    <vehicle id="W_E_264" type="standard_car" route="W_E" depart="52.0" departLane="random" departSpeed="10" />
    <vehicle id="W_E_265" type="standard_car" route="W_E" depart="53.0" departLane="random" departSpeed="10" />
    <vehicle id="S_E_266" type="standard_car" route="S_E" depart="53.0" departLane="random" departSpeed="10" />
    <vehicle id="S_N_267" type="standard_car" route="S_N" depart="54.0" departLane="random" departSpeed="10" />
    <vehicle id="E_W_268" type="standard_car" route="E_W" depart="54.0" departLane="random" departSpeed="10" />
    <vehicle id="E_W_269" type="standard_car" route="E_W" depart="54.0" departLane="random" departSpeed="10" />
    <vehicle id="S_N_270" type="standard_car" route="S_N" depart="55.0" departLane="random" departSpeed="10" />
    <vehicle id="S_N_271" type="standard_car" route="S_N" depart="56.0" departLane="random" departSpeed="10" />
    <vehicle id="N_E_272" type="standard_car" route="N_E" depart="57.0" departLane="random" departSpeed="10" />
    <vehicle id="E_W_273" type="standard_car" route="E_W" depart="57.0" departLane="random" departSpeed="10" />
    <vehicle id="N_S_274" type="standard_car" route="N_S" depart="58.0" departLane="random" departSpeed="10" />
    <vehicle id="E_W_275" type="standard_car" route="E_W" depart="60.0" departLane="random" departSpeed="10" />
    <vehicle id="E_W_276" type="standard_car" route="E_W" depart="60.0" departLane="random" departSpeed="10" />
    <vehicle id="W_E_277" type="standard_car" route="W_E" depart="60.0" departLane="random" departSpeed="10" />
    <vehicle id="S_N_278" type="standard_car" route="S_N" depart="61.0" departLane="random" departSpeed="10" />
    <vehicle id="N_E_279" type="standard_car" route="N_E" depart="61.0" departLane="random" departSpeed="10" />
    <vehicle id="W_E_280" type="standard_car" route="W_E" depart="62.0" departLane="random" departSpeed="10" />
    <vehicle id="S_N_281" type="standard_car" route="S_N" depart="63.0" departLane="random" departSpeed="10" />
    <vehicle id="S_N_282" type="standard_car" route="S_N" depart="63.0" departLane="random" departSpeed="10" />
    <vehicle id="W_E_283" type="standard_car" route="W_E" depart="63.0" departLane="random" departSpeed="10" />
    <vehicle id="E_W_284" type="standard_car" route="E_W" depart="64.0" departLane="random" departSpeed="10" />
    <vehicle id="W_E_285" type="standard_car" route="W_E" depart="64.0" departLane="random" departSpeed="10" />
    <vehicle id="E_W_286" type="standard_car" route="E_W" depart="64.0" departLane="random" departSpeed="10" />
    <vehicle id="N_S_287" type="standard_car" route="N_S" depart="65.0" departLane="random" departSpeed="10" />
    <vehicle id="N_S_288" type="standard_car" route="N_S" depart="65.0" departLane="random" departSpeed="10" />
    <vehicle id="S_E_289" type="standard_car" route="S_E" depart="67.0" departLane="random" departSpeed="10" />
    <vehicle id="N_S_290" type="standard_car" route="N_S" depart="67.0" departLane="random" departSpeed="10" />
    <vehicle id="S_N_291" type="standard_car" route="S_N" depart="68.0" departLane="random" departSpeed="10" />
    <vehicle id="E_W_292" type="standard_car" route="E_W" depart="69.0" departLane="random" departSpeed="10" />
    <vehicle id="S_W_293" type="standard_car" route="S_W" depart="70.0" departLane="random" departSpeed="10" />
    <vehicle id="E_W_294" type="standard_car" route="E_W" depart="73.0" departLane="random" departSpeed="10" />
    <vehicle id="W_E_295" type="standard_car" route="W_E" depart="73.0" departLane="random" departSpeed="10" />
    <vehicle id="N_S_296" type="standard_car" route="N_S" depart="73.0" departLane="random" departSpeed="10" />
    <vehicle id="S_N_297" type="standard_car" route="S_N" depart="73.0" departLane="random" departSpeed="10" />
    <vehicle id="S_N_298" type="standard_car" route="S_N" depart="74.0" departLane="random" departSpeed="10" />
    <vehicle id="S_N_299" type="standard_car" route="S_N" depart="74.0" departLane="random" departSpeed="10" />
</routes>
