<?xml version="1.0" encoding="UTF-8"?>
<!-- generated on 2023-02-19 12:30:57.655611 by $Id$ v1_8_0+1881-6bf04e0fef
  options: -n my_grid.net.xml -e 500 <doubleminus>persontrips
-->
<routes xmlns:xsi="http://www.w3.org/2001/XMLSchema-instance" xsi:noNamespaceSchemaLocation="http://sumo.dlr.de/xsd/routes_file.xsd">
    <person id="0" depart="0.00">
        <personTrip from="D0D1" to="A0B0"/>
    </person>
    <person id="1" depart="1.00">
        <personTrip from="B2A2" to="B1A1"/>
    </person>
    <person id="2" depart="2.00">
        <personTrip from="D2C2" to="D1C1"/>
    </person>
    <person id="3" depart="3.00">
        <personTrip from="E1E0" to="A2A1"/>
    </person>
    <person id="4" depart="4.00">
        <personTrip from="C0D0" to="A0B0"/>
    </person>
    <person id="5" depart="5.00">
        <personTrip from="B1A1" to="C2B2"/>
    </person>
    <person id="6" depart="6.00">
        <personTrip from="A0B0" to="B0C0"/>
    </person>
    <person id="7" depart="7.00">
        <personTrip from="D0E0" to="C2C3"/>
    </person>
    <person id="8" depart="8.00">
        <personTrip from="B1A1" to="C3C2"/>
    </person>
    <person id="9" depart="9.00">
        <personTrip from="D3D2" to="A0A1"/>
    </person>
    <person id="10" depart="10.00">
        <personTrip from="D3C3" to="D1D2"/>
    </person>
    <person id="11" depart="11.00">
        <personTrip from="B3A3" to="A3B3"/>
    </person>
    <person id="12" depart="12.00">
        <personTrip from="E2E3" to="B2C2"/>
    </person>
    <person id="13" depart="13.00">
        <personTrip from="A2A1" to="A2A1"/>
    </person>
    <person id="14" depart="14.00">
        <personTrip from="E0D0" to="C3D3"/>
    </person>
    <person id="15" depart="15.00">
        <personTrip from="D3D2" to="D2C2"/>
    </person>
    <person id="16" depart="16.00">
        <personTrip from="C2C3" to="E3D3"/>
    </person>
    <person id="17" depart="17.00">
        <personTrip from="B3C3" to="C2D2"/>
    </person>
    <person id="18" depart="18.00">
        <personTrip from="D3E3" to="D0C0"/>
    </person>
    <person id="19" depart="19.00">
        <personTrip from="E0E1" to="C3B3"/>
    </person>
    <person id="20" depart="20.00">
        <personTrip from="D1D2" to="A1A0"/>
    </person>
    <person id="21" depart="21.00">
        <personTrip from="B1B0" to="B2A2"/>
    </person>
    <person id="22" depart="22.00">
        <personTrip from="A1B1" to="B1B0"/>
    </person>
    <person id="23" depart="23.00">
        <personTrip from="A2A3" to="B2A2"/>
    </person>
    <person id="24" depart="24.00">
        <personTrip from="D0D1" to="B3B2"/>
    </person>
    <person id="25" depart="25.00">
        <personTrip from="B3B2" to="B0C0"/>
    </person>
    <person id="26" depart="26.00">
        <personTrip from="B1C1" to="E2E1"/>
    </person>
    <person id="27" depart="27.00">
        <personTrip from="D0E0" to="C3D3"/>
    </person>
    <person id="28" depart="28.00">
        <personTrip from="B0A0" to="D2C2"/>
    </person>
    <person id="29" depart="29.00">
        <personTrip from="B0A0" to="B3C3"/>
    </person>
    <person id="30" depart="30.00">
        <personTrip from="E3E2" to="D0D1"/>
    </person>
    <person id="31" depart="31.00">
        <personTrip from="C2D2" to="D1D0"/>
    </person>
    <person id="32" depart="32.00">
        <personTrip from="E0D0" to="D2E2"/>
    </person>
    <person id="33" depart="33.00">
        <personTrip from="B1B0" to="A0B0"/>
    </person>
    <person id="34" depart="34.00">
        <personTrip from="B2B3" to="B1C1"/>
    </person>
    <person id="35" depart="35.00">
        <personTrip from="B1A1" to="E2E1"/>
    </person>
    <person id="36" depart="36.00">
        <personTrip from="E1D1" to="B2B3"/>
    </person>
    <person id="37" depart="37.00">
        <personTrip from="D0E0" to="C0B0"/>
    </person>
    <person id="38" depart="38.00">
        <personTrip from="E1E2" to="C1C0"/>
    </person>
    <person id="39" depart="39.00">
        <personTrip from="B1C1" to="B1B2"/>
    </person>
    <person id="40" depart="40.00">
        <personTrip from="C2D2" to="B1C1"/>
    </person>
    <person id="41" depart="41.00">
        <personTrip from="C3C2" to="E1E0"/>
    </person>
    <person id="42" depart="42.00">
        <personTrip from="C0B0" to="B1A1"/>
    </person>
    <person id="43" depart="43.00">
        <personTrip from="E3E2" to="C2B2"/>
    </person>
    <person id="44" depart="44.00">
        <personTrip from="A2A1" to="A1A0"/>
    </person>
    <person id="45" depart="45.00">
        <personTrip from="A2A3" to="D0C0"/>
    </person>
    <person id="46" depart="46.00">
        <personTrip from="D3C3" to="C0D0"/>
    </person>
    <person id="47" depart="47.00">
        <personTrip from="A1A2" to="B3C3"/>
    </person>
    <person id="48" depart="48.00">
        <personTrip from="E3E2" to="C2C1"/>
    </person>
    <person id="49" depart="49.00">
        <personTrip from="E3D3" to="E0E1"/>
    </person>
    <person id="50" depart="50.00">
        <personTrip from="A0A1" to="D1E1"/>
    </person>
    <person id="51" depart="51.00">
        <personTrip from="D1D0" to="C2C3"/>
    </person>
    <person id="52" depart="52.00">
        <personTrip from="B1C1" to="D0D1"/>
    </person>
    <person id="53" depart="53.00">
        <personTrip from="A2A3" to="C0D0"/>
    </person>
    <person id="54" depart="54.00">
        <personTrip from="C1C0" to="E2E3"/>
    </person>
    <person id="55" depart="55.00">
        <personTrip from="E1D1" to="B1C1"/>
    </person>
    <person id="56" depart="56.00">
        <personTrip from="C2B2" to="B0B1"/>
    </person>
    <person id="57" depart="57.00">
        <personTrip from="E1E2" to="E0E1"/>
    </person>
    <person id="58" depart="58.00">
        <personTrip from="B2B1" to="D0D1"/>
    </person>
    <person id="59" depart="59.00">
        <personTrip from="C3D3" to="A3B3"/>
    </person>
    <person id="60" depart="60.00">
        <personTrip from="D2D3" to="C2C3"/>
    </person>
    <person id="61" depart="61.00">
        <personTrip from="D2E2" to="C2C1"/>
    </person>
    <person id="62" depart="62.00">
        <personTrip from="A0A1" to="B2C2"/>
    </person>
    <person id="63" depart="63.00">
        <personTrip from="A0B0" to="E2D2"/>
    </person>
    <person id="64" depart="64.00">
        <personTrip from="E1D1" to="D3E3"/>
    </person>
    <person id="65" depart="65.00">
        <personTrip from="B2B3" to="A1A2"/>
    </person>
    <person id="66" depart="66.00">
        <personTrip from="E1D1" to="E2E1"/>
    </person>
    <person id="67" depart="67.00">
        <personTrip from="A2A1" to="C1D1"/>
    </person>
    <person id="68" depart="68.00">
        <personTrip from="A1B1" to="D2D3"/>
    </person>
    <person id="69" depart="69.00">
        <personTrip from="D2D3" to="A2B2"/>
    </person>
    <person id="70" depart="70.00">
        <personTrip from="C1C2" to="C2D2"/>
    </person>
    <person id="71" depart="71.00">
        <personTrip from="B1C1" to="E1D1"/>
    </person>
    <person id="72" depart="72.00">
        <personTrip from="C0D0" to="B1A1"/>
    </person>
    <person id="73" depart="73.00">
        <personTrip from="C2C3" to="D2C2"/>
    </person>
    <person id="74" depart="74.00">
        <personTrip from="B0C0" to="B2B3"/>
    </person>
    <person id="75" depart="75.00">
        <personTrip from="E3E2" to="D0E0"/>
    </person>
    <person id="76" depart="76.00">
        <personTrip from="C1B1" to="C2C1"/>
    </person>
    <person id="77" depart="77.00">
        <personTrip from="A2B2" to="B1A1"/>
    </person>
    <person id="78" depart="78.00">
        <personTrip from="B2C2" to="C3C2"/>
    </person>
    <person id="79" depart="79.00">
        <personTrip from="B1B0" to="B1A1"/>
    </person>
    <person id="80" depart="80.00">
        <personTrip from="A1B1" to="D0D1"/>
    </person>
    <person id="81" depart="81.00">
        <personTrip from="B1B0" to="E1E2"/>
    </person>
    <person id="82" depart="82.00">
        <personTrip from="E0E1" to="A1B1"/>
    </person>
    <person id="83" depart="83.00">
        <personTrip from="B1B0" to="D1C1"/>
    </person>
    <person id="84" depart="84.00">
        <personTrip from="B1A1" to="A3A2"/>
    </person>
    <person id="85" depart="85.00">
        <personTrip from="E2E1" to="C3B3"/>
    </person>
    <person id="86" depart="86.00">
        <personTrip from="C1C2" to="D2E2"/>
    </person>
    <person id="87" depart="87.00">
        <personTrip from="D3D2" to="B0B1"/>
    </person>
    <person id="88" depart="88.00">
        <personTrip from="A2A3" to="C0D0"/>
    </person>
    <person id="89" depart="89.00">
        <personTrip from="C0D0" to="C1C0"/>
    </person>
    <person id="90" depart="90.00">
        <personTrip from="D2C2" to="D1C1"/>
    </person>
    <person id="91" depart="91.00">
        <personTrip from="E3E2" to="A2A3"/>
    </person>
    <person id="92" depart="92.00">
        <personTrip from="C0B0" to="B3A3"/>
    </person>
    <person id="93" depart="93.00">
        <personTrip from="E0E1" to="B1B2"/>
    </person>
    <person id="94" depart="94.00">
        <personTrip from="B0B1" to="C1B1"/>
    </person>
    <person id="95" depart="95.00">
        <personTrip from="C0D0" to="B2A2"/>
    </person>
    <person id="96" depart="96.00">
        <personTrip from="B1B2" to="E2D2"/>
    </person>
    <person id="97" depart="97.00">
        <personTrip from="C1B1" to="E0E1"/>
    </person>
    <person id="98" depart="98.00">
        <personTrip from="C2D2" to="A1A2"/>
    </person>
    <person id="99" depart="99.00">
        <personTrip from="E3E2" to="D3E3"/>
    </person>
    <person id="100" depart="100.00">
        <personTrip from="E3D3" to="E2D2"/>
    </person>
    <person id="101" depart="101.00">
        <personTrip from="E0D0" to="B0A0"/>
    </person>
    <person id="102" depart="102.00">
        <personTrip from="C1D1" to="B1A1"/>
    </person>
    <person id="103" depart="103.00">
        <personTrip from="C0B0" to="A1A2"/>
    </person>
    <person id="104" depart="104.00">
        <personTrip from="B3C3" to="E3E2"/>
    </person>
    <person id="105" depart="105.00">
        <personTrip from="B1C1" to="D2E2"/>
    </person>
    <person id="106" depart="106.00">
        <personTrip from="C1C0" to="C0D0"/>
    </person>
    <person id="107" depart="107.00">
        <personTrip from="E2E3" to="E3E2"/>
    </person>
    <person id="108" depart="108.00">
        <personTrip from="C2D2" to="D1E1"/>
    </person>
    <person id="109" depart="109.00">
        <personTrip from="A3B3" to="B2B1"/>
    </person>
    <person id="110" depart="110.00">
        <personTrip from="E3D3" to="C3B3"/>
    </person>
    <person id="111" depart="111.00">
        <personTrip from="C2C3" to="D2D1"/>
    </person>
    <person id="112" depart="112.00">
        <personTrip from="A1A2" to="C3C2"/>
    </person>
    <person id="113" depart="113.00">
        <personTrip from="C2B2" to="E0D0"/>
    </person>
    <person id="114" depart="114.00">
        <personTrip from="A3B3" to="E2E3"/>
    </person>
    <person id="115" depart="115.00">
        <personTrip from="A1B1" to="B0B1"/>
    </person>
    <person id="116" depart="116.00">
        <personTrip from="C3C2" to="D1C1"/>
    </person>
    <person id="117" depart="117.00">
        <personTrip from="B1B0" to="A2B2"/>
    </person>
    <person id="118" depart="118.00">
        <personTrip from="E1E0" to="B1B2"/>
    </person>
    <person id="119" depart="119.00">
        <personTrip from="C3C2" to="D0C0"/>
    </person>
    <person id="120" depart="120.00">
        <personTrip from="C0C1" to="C3C2"/>
    </person>
    <person id="121" depart="121.00">
        <personTrip from="C2C1" to="E2D2"/>
    </person>
    <person id="122" depart="122.00">
        <personTrip from="B0C0" to="D1E1"/>
    </person>
    <person id="123" depart="123.00">
        <personTrip from="B1B0" to="C0B0"/>
    </person>
    <person id="124" depart="124.00">
        <personTrip from="D1C1" to="B2B1"/>
    </person>
    <person id="125" depart="125.00">
        <personTrip from="B2B3" to="D2D1"/>
    </person>
    <person id="126" depart="126.00">
        <personTrip from="A1B1" to="C1C0"/>
    </person>
    <person id="127" depart="127.00">
        <personTrip from="E3E2" to="E3E2"/>
    </person>
    <person id="128" depart="128.00">
        <personTrip from="A1B1" to="B1A1"/>
    </person>
    <person id="129" depart="129.00">
        <personTrip from="B1C1" to="E2D2"/>
    </person>
    <person id="130" depart="130.00">
        <personTrip from="E1D1" to="E1D1"/>
    </person>
    <person id="131" depart="131.00">
        <personTrip from="B3B2" to="A3B3"/>
    </person>
    <person id="132" depart="132.00">
        <personTrip from="D3E3" to="D1D2"/>
    </person>
    <person id="133" depart="133.00">
        <personTrip from="C3D3" to="E3E2"/>
    </person>
    <person id="134" depart="134.00">
        <personTrip from="D0E0" to="A0A1"/>
    </person>
    <person id="135" depart="135.00">
        <personTrip from="D3D2" to="B2B1"/>
    </person>
    <person id="136" depart="136.00">
        <personTrip from="D1C1" to="E2E1"/>
    </person>
    <person id="137" depart="137.00">
        <personTrip from="A3A2" to="A2B2"/>
    </person>
    <person id="138" depart="138.00">
        <personTrip from="A2A3" to="C2D2"/>
    </person>
    <person id="139" depart="139.00">
        <personTrip from="B1C1" to="C3D3"/>
    </person>
    <person id="140" depart="140.00">
        <personTrip from="D1E1" to="B0C0"/>
    </person>
    <person id="141" depart="141.00">
        <personTrip from="D0D1" to="B1C1"/>
    </person>
    <person id="142" depart="142.00">
        <personTrip from="C1D1" to="E1E2"/>
    </person>
    <person id="143" depart="143.00">
        <personTrip from="E0D0" to="A2A1"/>
    </person>
    <person id="144" depart="144.00">
        <personTrip from="C0D0" to="B2A2"/>
    </person>
    <person id="145" depart="145.00">
        <personTrip from="A0A1" to="D2D3"/>
    </person>
    <person id="146" depart="146.00">
        <personTrip from="D0D1" to="B1C1"/>
    </person>
    <person id="147" depart="147.00">
        <personTrip from="D2C2" to="C2D2"/>
    </person>
    <person id="148" depart="148.00">
        <personTrip from="C0D0" to="A0A1"/>
    </person>
    <person id="149" depart="149.00">
        <personTrip from="A1B1" to="E1D1"/>
    </person>
    <person id="150" depart="150.00">
        <personTrip from="E1E2" to="C2C3"/>
    </person>
    <person id="151" depart="151.00">
        <personTrip from="D3E3" to="C3C2"/>
    </person>
    <person id="152" depart="152.00">
        <personTrip from="A3B3" to="A2B2"/>
    </person>
    <person id="153" depart="153.00">
        <personTrip from="B2B3" to="E1E0"/>
    </person>
    <person id="154" depart="154.00">
        <personTrip from="D3C3" to="E0E1"/>
    </person>
    <person id="155" depart="155.00">
        <personTrip from="E1E0" to="B1A1"/>
    </person>
    <person id="156" depart="156.00">
        <personTrip from="B1B2" to="A2A3"/>
    </person>
    <person id="157" depart="157.00">
        <personTrip from="D2E2" to="E1D1"/>
    </person>
    <person id="158" depart="158.00">
        <personTrip from="C0C1" to="D0C0"/>
    </person>
    <person id="159" depart="159.00">
        <personTrip from="A3B3" to="E2D2"/>
    </person>
    <person id="160" depart="160.00">
        <personTrip from="E0E1" to="E3D3"/>
    </person>
    <person id="161" depart="161.00">
        <personTrip from="D3D2" to="E1D1"/>
    </person>
    <person id="162" depart="162.00">
        <personTrip from="A0B0" to="D2C2"/>
    </person>
    <person id="163" depart="163.00">
        <personTrip from="B2C2" to="E2D2"/>
    </person>
    <person id="164" depart="164.00">
        <personTrip from="D3C3" to="E0E1"/>
    </person>
    <person id="165" depart="165.00">
        <personTrip from="D3D2" to="B1C1"/>
    </person>
    <person id="166" depart="166.00">
        <personTrip from="D2E2" to="A2A3"/>
    </person>
    <person id="167" depart="167.00">
        <personTrip from="E1D1" to="E0E1"/>
    </person>
    <person id="168" depart="168.00">
        <personTrip from="B1A1" to="D3D2"/>
    </person>
    <person id="169" depart="169.00">
        <personTrip from="C1C0" to="B2B1"/>
    </person>
    <person id="170" depart="170.00">
        <personTrip from="D3C3" to="B1B0"/>
    </person>
    <person id="171" depart="171.00">
        <personTrip from="A0B0" to="B0B1"/>
    </person>
    <person id="172" depart="172.00">
        <personTrip from="B2C2" to="E0E1"/>
    </person>
    <person id="173" depart="173.00">
        <personTrip from="E2E3" to="B2A2"/>
    </person>
    <person id="174" depart="174.00">
        <personTrip from="D0D1" to="C0B0"/>
    </person>
    <person id="175" depart="175.00">
        <personTrip from="E3D3" to="C2C3"/>
    </person>
    <person id="176" depart="176.00">
        <personTrip from="E2E1" to="A2B2"/>
    </person>
    <person id="177" depart="177.00">
        <personTrip from="E3D3" to="B0B1"/>
    </person>
    <person id="178" depart="178.00">
        <personTrip from="E2E3" to="B1C1"/>
    </person>
    <person id="179" depart="179.00">
        <personTrip from="A2A3" to="C0D0"/>
    </person>
    <person id="180" depart="180.00">
        <personTrip from="D2C2" to="B2B3"/>
    </person>
    <person id="181" depart="181.00">
        <personTrip from="C3D3" to="C2B2"/>
    </person>
    <person id="182" depart="182.00">
        <personTrip from="B3C3" to="C3B3"/>
    </person>
    <person id="183" depart="183.00">
        <personTrip from="B1B2" to="D1D2"/>
    </person>
    <person id="184" depart="184.00">
        <personTrip from="A0A1" to="E2D2"/>
    </person>
    <person id="185" depart="185.00">
        <personTrip from="C2C3" to="D1E1"/>
    </person>
    <person id="186" depart="186.00">
        <personTrip from="D2D1" to="D1C1"/>
    </person>
    <person id="187" depart="187.00">
        <personTrip from="B3B2" to="A1B1"/>
    </person>
    <person id="188" depart="188.00">
        <personTrip from="D1C1" to="B2C2"/>
    </person>
    <person id="189" depart="189.00">
        <personTrip from="B2B3" to="E0D0"/>
    </person>
    <person id="190" depart="190.00">
        <personTrip from="D1E1" to="B2B1"/>
    </person>
    <person id="191" depart="191.00">
        <personTrip from="B2B3" to="C0C1"/>
    </person>
    <person id="192" depart="192.00">
        <personTrip from="C0B0" to="B2B1"/>
    </person>
    <person id="193" depart="193.00">
        <personTrip from="A2B2" to="C0D0"/>
    </person>
    <person id="194" depart="194.00">
        <personTrip from="E2E1" to="D1C1"/>
    </person>
    <person id="195" depart="195.00">
        <personTrip from="E1E0" to="D0C0"/>
    </person>
    <person id="196" depart="196.00">
        <personTrip from="B2B1" to="C2C3"/>
    </person>
    <person id="197" depart="197.00">
        <personTrip from="A0A1" to="B2A2"/>
    </person>
    <person id="198" depart="198.00">
        <personTrip from="C0D0" to="C3B3"/>
    </person>
    <person id="199" depart="199.00">
        <personTrip from="D0E0" to="C1C0"/>
    </person>
    <person id="200" depart="200.00">
        <personTrip from="C1B1" to="B1A1"/>
    </person>
    <person id="201" depart="201.00">
        <personTrip from="C1C2" to="E1E0"/>
    </person>
    <person id="202" depart="202.00">
        <personTrip from="D3C3" to="B0A0"/>
    </person>
    <person id="203" depart="203.00">
        <personTrip from="A2A1" to="C2B2"/>
    </person>
    <person id="204" depart="204.00">
        <personTrip from="D0D1" to="B2C2"/>
    </person>
    <person id="205" depart="205.00">
        <personTrip from="D3D2" to="D2D1"/>
    </person>
    <person id="206" depart="206.00">
        <personTrip from="D1C1" to="B1A1"/>
    </person>
    <person id="207" depart="207.00">
        <personTrip from="B0C0" to="A0B0"/>
    </person>
    <person id="208" depart="208.00">
        <personTrip from="B1B2" to="C1C2"/>
    </person>
    <person id="209" depart="209.00">
        <personTrip from="E0D0" to="A1B1"/>
    </person>
    <person id="210" depart="210.00">
        <personTrip from="C0C1" to="D0D1"/>
    </person>
    <person id="211" depart="211.00">
        <personTrip from="B0C0" to="D1D2"/>
    </person>
    <person id="212" depart="212.00">
        <personTrip from="C1D1" to="B1B2"/>
    </person>
    <person id="213" depart="213.00">
        <personTrip from="D0E0" to="A0A1"/>
    </person>
    <person id="214" depart="214.00">
        <personTrip from="D2D1" to="D2D3"/>
    </person>
    <person id="215" depart="215.00">
        <personTrip from="A2A3" to="C0D0"/>
    </person>
    <person id="216" depart="216.00">
        <personTrip from="B0A0" to="E2E3"/>
    </person>
    <person id="217" depart="217.00">
        <personTrip from="C2C1" to="A1A2"/>
    </person>
    <person id="218" depart="218.00">
        <personTrip from="B1B2" to="E0D0"/>
    </person>
    <person id="219" depart="219.00">
        <personTrip from="C1C0" to="D3C3"/>
    </person>
    <person id="220" depart="220.00">
        <personTrip from="D1C1" to="E3E2"/>
    </person>
    <person id="221" depart="221.00">
        <personTrip from="C3C2" to="E2E1"/>
    </person>
    <person id="222" depart="222.00">
        <personTrip from="E1E0" to="C3D3"/>
    </person>
    <person id="223" depart="223.00">
        <personTrip from="D1E1" to="C2B2"/>
    </person>
    <person id="224" depart="224.00">
        <personTrip from="D3E3" to="C2C3"/>
    </person>
    <person id="225" depart="225.00">
        <personTrip from="E1E0" to="D2D1"/>
    </person>
    <person id="226" depart="226.00">
        <personTrip from="C1C2" to="B1C1"/>
    </person>
    <person id="227" depart="227.00">
        <personTrip from="B1B2" to="D0D1"/>
    </person>
    <person id="228" depart="228.00">
        <personTrip from="D2D3" to="C2C1"/>
    </person>
    <person id="229" depart="229.00">
        <personTrip from="D0C0" to="B2A2"/>
    </person>
    <person id="230" depart="230.00">
        <personTrip from="A1B1" to="B2A2"/>
    </person>
    <person id="231" depart="231.00">
        <personTrip from="B1C1" to="B2B3"/>
    </person>
    <person id="232" depart="232.00">
        <personTrip from="C2C3" to="A3A2"/>
    </person>
    <person id="233" depart="233.00">
        <personTrip from="B1B0" to="D1D2"/>
    </person>
    <person id="234" depart="234.00">
        <personTrip from="D1D2" to="A1A2"/>
    </person>
    <person id="235" depart="235.00">
        <personTrip from="C0C1" to="C2C3"/>
    </person>
    <person id="236" depart="236.00">
        <personTrip from="C0C1" to="B0C0"/>
    </person>
    <person id="237" depart="237.00">
        <personTrip from="C0D0" to="E1E2"/>
    </person>
    <person id="238" depart="238.00">
        <personTrip from="C3C2" to="D1D2"/>
    </person>
    <person id="239" depart="239.00">
        <personTrip from="E0E1" to="D2D3"/>
    </person>
    <person id="240" depart="240.00">
        <personTrip from="B3C3" to="A0A1"/>
    </person>
    <person id="241" depart="241.00">
        <personTrip from="B3A3" to="D2D1"/>
    </person>
    <person id="242" depart="242.00">
        <personTrip from="E0D0" to="E2E3"/>
    </person>
    <person id="243" depart="243.00">
        <personTrip from="C0C1" to="D2D1"/>
    </person>
    <person id="244" depart="244.00">
        <personTrip from="C2C3" to="C3D3"/>
    </person>
    <person id="245" depart="245.00">
        <personTrip from="B1A1" to="B1A1"/>
    </person>
    <person id="246" depart="246.00">
        <personTrip from="C1B1" to="A0B0"/>
    </person>
    <person id="247" depart="247.00">
        <personTrip from="B2C2" to="D1D0"/>
    </person>
    <person id="248" depart="248.00">
        <personTrip from="C0C1" to="B0A0"/>
    </person>
    <person id="249" depart="249.00">
        <personTrip from="C1C0" to="A2B2"/>
    </person>
    <person id="250" depart="250.00">
        <personTrip from="D0C0" to="A0B0"/>
    </person>
    <person id="251" depart="251.00">
        <personTrip from="C0B0" to="C2D2"/>
    </person>
    <person id="252" depart="252.00">
        <personTrip from="A0B0" to="D0D1"/>
    </person>
    <person id="253" depart="253.00">
        <personTrip from="A3A2" to="C1C0"/>
    </person>
    <person id="254" depart="254.00">
        <personTrip from="A1A2" to="B3C3"/>
    </person>
    <person id="255" depart="255.00">
        <personTrip from="B1A1" to="B2C2"/>
    </person>
    <person id="256" depart="256.00">
        <personTrip from="D2D3" to="B3C3"/>
    </person>
    <person id="257" depart="257.00">
        <personTrip from="D2D1" to="D3E3"/>
    </person>
    <person id="258" depart="258.00">
        <personTrip from="B1B2" to="A2A1"/>
    </person>
    <person id="259" depart="259.00">
        <personTrip from="A0B0" to="C2C3"/>
    </person>
    <person id="260" depart="260.00">
        <personTrip from="E3E2" to="B3A3"/>
    </person>
    <person id="261" depart="261.00">
        <personTrip from="D0E0" to="D2E2"/>
    </person>
    <person id="262" depart="262.00">
        <personTrip from="D0E0" to="D2D1"/>
    </person>
    <person id="263" depart="263.00">
        <personTrip from="E2E1" to="B0C0"/>
    </person>
    <person id="264" depart="264.00">
        <personTrip from="A0B0" to="A3B3"/>
    </person>
    <person id="265" depart="265.00">
        <personTrip from="A2B2" to="D1C1"/>
    </person>
    <person id="266" depart="266.00">
        <personTrip from="C2D2" to="B1A1"/>
    </person>
    <person id="267" depart="267.00">
        <personTrip from="D1D2" to="D2D3"/>
    </person>
    <person id="268" depart="268.00">
        <personTrip from="B0A0" to="C3D3"/>
    </person>
    <person id="269" depart="269.00">
        <personTrip from="D2D1" to="A2B2"/>
    </person>
    <person id="270" depart="270.00">
        <personTrip from="D3D2" to="E2E3"/>
    </person>
    <person id="271" depart="271.00">
        <personTrip from="A2A3" to="A0B0"/>
    </person>
    <person id="272" depart="272.00">
        <personTrip from="B2B3" to="D1C1"/>
    </person>
    <person id="273" depart="273.00">
        <personTrip from="E2E3" to="C0B0"/>
    </person>
    <person id="274" depart="274.00">
        <personTrip from="D1E1" to="A1B1"/>
    </person>
    <person id="275" depart="275.00">
        <personTrip from="D1D0" to="D0C0"/>
    </person>
    <person id="276" depart="276.00">
        <personTrip from="A2A3" to="D2D3"/>
    </person>
    <person id="277" depart="277.00">
        <personTrip from="E0D0" to="C3D3"/>
    </person>
    <person id="278" depart="278.00">
        <personTrip from="A2B2" to="E3D3"/>
    </person>
    <person id="279" depart="279.00">
        <personTrip from="D2E2" to="B3A3"/>
    </person>
    <person id="280" depart="280.00">
        <personTrip from="C0D0" to="B3B2"/>
    </person>
    <person id="281" depart="281.00">
        <personTrip from="C2B2" to="B3A3"/>
    </person>
    <person id="282" depart="282.00">
        <personTrip from="E0D0" to="D3D2"/>
    </person>
    <person id="283" depart="283.00">
        <personTrip from="A2A3" to="E2E3"/>
    </person>
    <person id="284" depart="284.00">
        <personTrip from="D0D1" to="D3E3"/>
    </person>
    <person id="285" depart="285.00">
        <personTrip from="D1D2" to="C1B1"/>
    </person>
    <person id="286" depart="286.00">
        <personTrip from="D2C2" to="E2E3"/>
    </person>
    <person id="287" depart="287.00">
        <personTrip from="B1C1" to="D3D2"/>
    </person>
    <person id="288" depart="288.00">
        <personTrip from="C2C3" to="C1C2"/>
    </person>
    <person id="289" depart="289.00">
        <personTrip from="C1B1" to="D2C2"/>
    </person>
    <person id="290" depart="290.00">
        <personTrip from="B1C1" to="E0D0"/>
    </person>
    <person id="291" depart="291.00">
        <personTrip from="D3E3" to="A2A1"/>
    </person>
    <person id="292" depart="292.00">
        <personTrip from="E1D1" to="B1B2"/>
    </person>
    <person id="293" depart="293.00">
        <personTrip from="C1C0" to="C3D3"/>
    </person>
    <person id="294" depart="294.00">
        <personTrip from="B3C3" to="A0B0"/>
    </person>
    <person id="295" depart="295.00">
        <personTrip from="E0D0" to="B0B1"/>
    </person>
    <person id="296" depart="296.00">
        <personTrip from="B1A1" to="D3C3"/>
    </person>
    <person id="297" depart="297.00">
        <personTrip from="B3A3" to="E1D1"/>
    </person>
    <person id="298" depart="298.00">
        <personTrip from="D1D2" to="B2A2"/>
    </person>
    <person id="299" depart="299.00">
        <personTrip from="A0A1" to="E2E1"/>
    </person>
    <person id="300" depart="300.00">
        <personTrip from="A2A1" to="D1E1"/>
    </person>
    <person id="301" depart="301.00">
        <personTrip from="C1D1" to="D2D3"/>
    </person>
    <person id="302" depart="302.00">
        <personTrip from="D1D0" to="D0E0"/>
    </person>
    <person id="303" depart="303.00">
        <personTrip from="C1D1" to="D3C3"/>
    </person>
    <person id="304" depart="304.00">
        <personTrip from="A2A1" to="B1A1"/>
    </person>
    <person id="305" depart="305.00">
        <personTrip from="D1D0" to="B2B1"/>
    </person>
    <person id="306" depart="306.00">
        <personTrip from="C3C2" to="C1C2"/>
    </person>
    <person id="307" depart="307.00">
        <personTrip from="C2C1" to="C0D0"/>
    </person>
    <person id="308" depart="308.00">
        <personTrip from="D2D1" to="B2C2"/>
    </person>
    <person id="309" depart="309.00">
        <personTrip from="D1D2" to="B1C1"/>
    </person>
    <person id="310" depart="310.00">
        <personTrip from="B1B2" to="A2B2"/>
    </person>
    <person id="311" depart="311.00">
        <personTrip from="B0B1" to="A2B2"/>
    </person>
    <person id="312" depart="312.00">
        <personTrip from="C2C3" to="D2D3"/>
    </person>
    <person id="313" depart="313.00">
        <personTrip from="B0B1" to="B1A1"/>
    </person>
    <person id="314" depart="314.00">
        <personTrip from="C1D1" to="D1E1"/>
    </person>
    <person id="315" depart="315.00">
        <personTrip from="E3D3" to="C2C1"/>
    </person>
    <person id="316" depart="316.00">
        <personTrip from="B2A2" to="A2A3"/>
    </person>
    <person id="317" depart="317.00">
        <personTrip from="B0C0" to="B1B0"/>
    </person>
    <person id="318" depart="318.00">
        <personTrip from="B0B1" to="A0A1"/>
    </person>
    <person id="319" depart="319.00">
        <personTrip from="C2C3" to="B2A2"/>
    </person>
    <person id="320" depart="320.00">
        <personTrip from="E3D3" to="C2D2"/>
    </person>
    <person id="321" depart="321.00">
        <personTrip from="D1D2" to="A2B2"/>
    </person>
    <person id="322" depart="322.00">
        <personTrip from="E0E1" to="C1D1"/>
    </person>
    <person id="323" depart="323.00">
        <personTrip from="E1D1" to="C3B3"/>
    </person>
    <person id="324" depart="324.00">
        <personTrip from="C1C2" to="C1B1"/>
    </person>
    <person id="325" depart="325.00">
        <personTrip from="B0B1" to="A1A2"/>
    </person>
    <person id="326" depart="326.00">
        <personTrip from="E2E1" to="C1C2"/>
    </person>
    <person id="327" depart="327.00">
        <personTrip from="D3D2" to="C0B0"/>
    </person>
    <person id="328" depart="328.00">
        <personTrip from="A1B1" to="D0D1"/>
    </person>
    <person id="329" depart="329.00">
        <personTrip from="A1A2" to="A3B3"/>
    </person>
    <person id="330" depart="330.00">
        <personTrip from="C2D2" to="B2B1"/>
    </person>
    <person id="331" depart="331.00">
        <personTrip from="E3E2" to="A2B2"/>
    </person>
    <person id="332" depart="332.00">
        <personTrip from="D2D3" to="C3D3"/>
    </person>
    <person id="333" depart="333.00">
        <personTrip from="D3C3" to="B1A1"/>
    </person>
    <person id="334" depart="334.00">
        <personTrip from="C2C1" to="C1B1"/>
    </person>
    <person id="335" depart="335.00">
        <personTrip from="C1B1" to="E0E1"/>
    </person>
    <person id="336" depart="336.00">
        <personTrip from="E3E2" to="B2B1"/>
    </person>
    <person id="337" depart="337.00">
        <personTrip from="D0C0" to="C3D3"/>
    </person>
    <person id="338" depart="338.00">
        <personTrip from="D2C2" to="E2E1"/>
    </person>
    <person id="339" depart="339.00">
        <personTrip from="B0C0" to="B1A1"/>
    </person>
    <person id="340" depart="340.00">
        <personTrip from="D0E0" to="A3B3"/>
    </person>
    <person id="341" depart="341.00">
        <personTrip from="B0A0" to="A1B1"/>
    </person>
    <person id="342" depart="342.00">
        <personTrip from="A0A1" to="C1B1"/>
    </person>
    <person id="343" depart="343.00">
        <personTrip from="C3C2" to="B2B1"/>
    </person>
    <person id="344" depart="344.00">
        <personTrip from="B1B0" to="D1D2"/>
    </person>
    <person id="345" depart="345.00">
        <personTrip from="D1D2" to="C1C0"/>
    </person>
    <person id="346" depart="346.00">
        <personTrip from="D1D0" to="E2D2"/>
    </person>
    <person id="347" depart="347.00">
        <personTrip from="D2E2" to="D0C0"/>
    </person>
    <person id="348" depart="348.00">
        <personTrip from="D0E0" to="E2D2"/>
    </person>
    <person id="349" depart="349.00">
        <personTrip from="C0D0" to="C2C3"/>
    </person>
    <person id="350" depart="350.00">
        <personTrip from="D0E0" to="E1E2"/>
    </person>
    <person id="351" depart="351.00">
        <personTrip from="D3E3" to="A1B1"/>
    </person>
    <person id="352" depart="352.00">
        <personTrip from="B0A0" to="B2B3"/>
    </person>
    <person id="353" depart="353.00">
        <personTrip from="D2D1" to="C3B3"/>
    </person>
    <person id="354" depart="354.00">
        <personTrip from="B2A2" to="A2B2"/>
    </person>
    <person id="355" depart="355.00">
        <personTrip from="D1D0" to="D1D2"/>
    </person>
    <person id="356" depart="356.00">
        <personTrip from="E2E1" to="C2B2"/>
    </person>
    <person id="357" depart="357.00">
        <personTrip from="C1D1" to="A1B1"/>
    </person>
    <person id="358" depart="358.00">
        <personTrip from="A1A0" to="C0D0"/>
    </person>
    <person id="359" depart="359.00">
        <personTrip from="B2B3" to="B1B2"/>
    </person>
    <person id="360" depart="360.00">
        <personTrip from="A2A1" to="E2E3"/>
    </person>
    <person id="361" depart="361.00">
        <personTrip from="D3E3" to="C3B3"/>
    </person>
    <person id="362" depart="362.00">
        <personTrip from="E2E1" to="E3E2"/>
    </person>
    <person id="363" depart="363.00">
        <personTrip from="D1C1" to="B1C1"/>
    </person>
    <person id="364" depart="364.00">
        <personTrip from="A1A0" to="D2D1"/>
    </person>
    <person id="365" depart="365.00">
        <personTrip from="C1C2" to="D0E0"/>
    </person>
    <person id="366" depart="366.00">
        <personTrip from="E1E2" to="B0B1"/>
    </person>
    <person id="367" depart="367.00">
        <personTrip from="C3C2" to="D0D1"/>
    </person>
    <person id="368" depart="368.00">
        <personTrip from="C1D1" to="A2A1"/>
    </person>
    <person id="369" depart="369.00">
        <personTrip from="B3A3" to="B2C2"/>
    </person>
    <person id="370" depart="370.00">
        <personTrip from="D1C1" to="E0E1"/>
    </person>
    <person id="371" depart="371.00">
        <personTrip from="B2C2" to="D1D2"/>
    </person>
    <person id="372" depart="372.00">
        <personTrip from="B2A2" to="E2E1"/>
    </person>
    <person id="373" depart="373.00">
        <personTrip from="D3D2" to="C2D2"/>
    </person>
    <person id="374" depart="374.00">
        <personTrip from="C1C0" to="B2B3"/>
    </person>
    <person id="375" depart="375.00">
        <personTrip from="B2C2" to="E3D3"/>
    </person>
    <person id="376" depart="376.00">
        <personTrip from="C0C1" to="C2B2"/>
    </person>
    <person id="377" depart="377.00">
        <personTrip from="E3E2" to="D0E0"/>
    </person>
    <person id="378" depart="378.00">
        <personTrip from="C2C3" to="C0C1"/>
    </person>
    <person id="379" depart="379.00">
        <personTrip from="B0B1" to="B3B2"/>
    </person>
    <person id="380" depart="380.00">
        <personTrip from="D2D1" to="D0C0"/>
    </person>
    <person id="381" depart="381.00">
        <personTrip from="D2D3" to="B0C0"/>
    </person>
    <person id="382" depart="382.00">
        <personTrip from="C2D2" to="E2D2"/>
    </person>
    <person id="383" depart="383.00">
        <personTrip from="C1B1" to="D1D2"/>
    </person>
    <person id="384" depart="384.00">
        <personTrip from="A2B2" to="E3D3"/>
    </person>
    <person id="385" depart="385.00">
        <personTrip from="C3D3" to="B1B0"/>
    </person>
    <person id="386" depart="386.00">
        <personTrip from="A3B3" to="C2D2"/>
    </person>
    <person id="387" depart="387.00">
        <personTrip from="C2D2" to="A2A1"/>
    </person>
    <person id="388" depart="388.00">
        <personTrip from="E3E2" to="E1E2"/>
    </person>
    <person id="389" depart="389.00">
        <personTrip from="C1C0" to="A2B2"/>
    </person>
    <person id="390" depart="390.00">
        <personTrip from="D3E3" to="C1D1"/>
    </person>
    <person id="391" depart="391.00">
        <personTrip from="D1E1" to="C2B2"/>
    </person>
    <person id="392" depart="392.00">
        <personTrip from="B1C1" to="D3E3"/>
    </person>
    <person id="393" depart="393.00">
        <personTrip from="E3D3" to="B1B2"/>
    </person>
    <person id="394" depart="394.00">
        <personTrip from="C2D2" to="B3C3"/>
    </person>
    <person id="395" depart="395.00">
        <personTrip from="E2D2" to="C2B2"/>
    </person>
    <person id="396" depart="396.00">
        <personTrip from="E1D1" to="E0E1"/>
    </person>
    <person id="397" depart="397.00">
        <personTrip from="B2A2" to="D2E2"/>
    </person>
    <person id="398" depart="398.00">
        <personTrip from="C0C1" to="E2D2"/>
    </person>
    <person id="399" depart="399.00">
        <personTrip from="C2B2" to="D3D2"/>
    </person>
    <person id="400" depart="400.00">
        <personTrip from="B2A2" to="B2B1"/>
    </person>
    <person id="401" depart="401.00">
        <personTrip from="C3C2" to="E3E2"/>
    </person>
    <person id="402" depart="402.00">
        <personTrip from="C1D1" to="A3B3"/>
    </person>
    <person id="403" depart="403.00">
        <personTrip from="C2C3" to="B3A3"/>
    </person>
    <person id="404" depart="404.00">
        <personTrip from="C2D2" to="C2C3"/>
    </person>
    <person id="405" depart="405.00">
        <personTrip from="C1C0" to="B2B3"/>
    </person>
    <person id="406" depart="406.00">
        <personTrip from="B0B1" to="D1D2"/>
    </person>
    <person id="407" depart="407.00">
        <personTrip from="C3B3" to="B1B0"/>
    </person>
    <person id="408" depart="408.00">
        <personTrip from="D2E2" to="A1A0"/>
    </person>
    <person id="409" depart="409.00">
        <personTrip from="D2D1" to="D1D2"/>
    </person>
    <person id="410" depart="410.00">
        <personTrip from="D3D2" to="B3C3"/>
    </person>
    <person id="411" depart="411.00">
        <personTrip from="D1C1" to="D3D2"/>
    </person>
    <person id="412" depart="412.00">
        <personTrip from="E3D3" to="C1D1"/>
    </person>
    <person id="413" depart="413.00">
        <personTrip from="A1A0" to="C2B2"/>
    </person>
    <person id="414" depart="414.00">
        <personTrip from="C3C2" to="E0E1"/>
    </person>
    <person id="415" depart="415.00">
        <personTrip from="E1D1" to="C1B1"/>
    </person>
    <person id="416" depart="416.00">
        <personTrip from="C2C1" to="C1C0"/>
    </person>
    <person id="417" depart="417.00">
        <personTrip from="D1E1" to="C0C1"/>
    </person>
    <person id="418" depart="418.00">
        <personTrip from="D0E0" to="A3B3"/>
    </person>
    <person id="419" depart="419.00">
        <personTrip from="C1C2" to="E3D3"/>
    </person>
    <person id="420" depart="420.00">
        <personTrip from="B2C2" to="D1D0"/>
    </person>
    <person id="421" depart="421.00">
        <personTrip from="D0E0" to="E0D0"/>
    </person>
    <person id="422" depart="422.00">
        <personTrip from="E0D0" to="E0E1"/>
    </person>
    <person id="423" depart="423.00">
        <personTrip from="B3C3" to="B2B3"/>
    </person>
    <person id="424" depart="424.00">
        <personTrip from="D1E1" to="D2D3"/>
    </person>
    <person id="425" depart="425.00">
        <personTrip from="E1D1" to="A1A0"/>
    </person>
    <person id="426" depart="426.00">
        <personTrip from="A1B1" to="D0D1"/>
    </person>
    <person id="427" depart="427.00">
        <personTrip from="E2D2" to="E3E2"/>
    </person>
    <person id="428" depart="428.00">
        <personTrip from="D2D1" to="C0D0"/>
    </person>
    <person id="429" depart="429.00">
        <personTrip from="A2A3" to="D0D1"/>
    </person>
    <person id="430" depart="430.00">
        <personTrip from="E1D1" to="C1B1"/>
    </person>
    <person id="431" depart="431.00">
        <personTrip from="D1D2" to="E1E2"/>
    </person>
    <person id="432" depart="432.00">
        <personTrip from="A1A0" to="D3C3"/>
    </person>
    <person id="433" depart="433.00">
        <personTrip from="B2B1" to="B3C3"/>
    </person>
    <person id="434" depart="434.00">
        <personTrip from="A3B3" to="C2C1"/>
    </person>
    <person id="435" depart="435.00">
        <personTrip from="C3B3" to="D3C3"/>
    </person>
    <person id="436" depart="436.00">
        <personTrip from="B0A0" to="A1B1"/>
    </person>
    <person id="437" depart="437.00">
        <personTrip from="E0E1" to="D0C0"/>
    </person>
    <person id="438" depart="438.00">
        <personTrip from="B1B0" to="E1E2"/>
    </person>
    <person id="439" depart="439.00">
        <personTrip from="A3A2" to="C1C0"/>
    </person>
    <person id="440" depart="440.00">
        <personTrip from="B1B2" to="B1B2"/>
    </person>
    <person id="441" depart="441.00">
        <personTrip from="A0A1" to="D3C3"/>
    </person>
    <person id="442" depart="442.00">
        <personTrip from="E1E0" to="D1D0"/>
    </person>
    <person id="443" depart="443.00">
        <personTrip from="A3B3" to="C1B1"/>
    </person>
    <person id="444" depart="444.00">
        <personTrip from="B3A3" to="C3C2"/>
    </person>
    <person id="445" depart="445.00">
        <personTrip from="D0D1" to="C0D0"/>
    </person>
    <person id="446" depart="446.00">
        <personTrip from="B1B2" to="E0D0"/>
    </person>
    <person id="447" depart="447.00">
        <personTrip from="B0C0" to="B3C3"/>
    </person>
    <person id="448" depart="448.00">
        <personTrip from="C1C2" to="B1B0"/>
    </person>
    <person id="449" depart="449.00">
        <personTrip from="C3B3" to="C3B3"/>
    </person>
    <person id="450" depart="450.00">
        <personTrip from="E3E2" to="B2B1"/>
    </person>
    <person id="451" depart="451.00">
        <personTrip from="E3D3" to="D0E0"/>
    </person>
    <person id="452" depart="452.00">
        <personTrip from="B2A2" to="C3B3"/>
    </person>
    <person id="453" depart="453.00">
        <personTrip from="D1D0" to="D2D1"/>
    </person>
    <person id="454" depart="454.00">
        <personTrip from="A1A2" to="C3D3"/>
    </person>
    <person id="455" depart="455.00">
        <personTrip from="C1D1" to="E1E2"/>
    </person>
    <person id="456" depart="456.00">
        <personTrip from="B2A2" to="D3C3"/>
    </person>
    <person id="457" depart="457.00">
        <personTrip from="C3D3" to="B3A3"/>
    </person>
    <person id="458" depart="458.00">
        <personTrip from="D0D1" to="D0C0"/>
    </person>
    <person id="459" depart="459.00">
        <personTrip from="D1D0" to="D1E1"/>
    </person>
    <person id="460" depart="460.00">
        <personTrip from="D0E0" to="D3E3"/>
    </person>
    <person id="461" depart="461.00">
        <personTrip from="D0C0" to="E1E2"/>
    </person>
    <person id="462" depart="462.00">
        <personTrip from="D0E0" to="B2B3"/>
    </person>
    <person id="463" depart="463.00">
        <personTrip from="C1B1" to="C3B3"/>
    </person>
    <person id="464" depart="464.00">
        <personTrip from="D2C2" to="A2A1"/>
    </person>
    <person id="465" depart="465.00">
        <personTrip from="B2B1" to="D2D1"/>
    </person>
    <person id="466" depart="466.00">
        <personTrip from="B0A0" to="A3A2"/>
    </person>
    <person id="467" depart="467.00">
        <personTrip from="C2C3" to="E3D3"/>
    </person>
    <person id="468" depart="468.00">
        <personTrip from="C2C1" to="E1E2"/>
    </person>
    <person id="469" depart="469.00">
        <personTrip from="D3E3" to="B1B2"/>
    </person>
    <person id="470" depart="470.00">
        <personTrip from="D3E3" to="C1C2"/>
    </person>
    <person id="471" depart="471.00">
        <personTrip from="D3D2" to="D2D1"/>
    </person>
    <person id="472" depart="472.00">
        <personTrip from="B3A3" to="A2B2"/>
    </person>
    <person id="473" depart="473.00">
        <personTrip from="E2E3" to="A3A2"/>
    </person>
    <person id="474" depart="474.00">
        <personTrip from="E2E3" to="E0E1"/>
    </person>
    <person id="475" depart="475.00">
        <personTrip from="D1E1" to="E3D3"/>
    </person>
    <person id="476" depart="476.00">
        <personTrip from="E2E3" to="D3C3"/>
    </person>
    <person id="477" depart="477.00">
        <personTrip from="B3B2" to="D3C3"/>
    </person>
    <person id="478" depart="478.00">
        <personTrip from="A0A1" to="C2C3"/>
    </person>
    <person id="479" depart="479.00">
        <personTrip from="C1C0" to="D1C1"/>
    </person>
    <person id="480" depart="480.00">
        <personTrip from="D1C1" to="C3C2"/>
    </person>
    <person id="481" depart="481.00">
        <personTrip from="D3D2" to="E2E1"/>
    </person>
    <person id="482" depart="482.00">
        <personTrip from="A2A3" to="B1B0"/>
    </person>
    <person id="483" depart="483.00">
        <personTrip from="A0B0" to="E1D1"/>
    </person>
    <person id="484" depart="484.00">
        <personTrip from="C2D2" to="E1E2"/>
    </person>
    <person id="485" depart="485.00">
        <personTrip from="B1A1" to="A1A2"/>
    </person>
    <person id="486" depart="486.00">
        <personTrip from="D3E3" to="E1E2"/>
    </person>
    <person id="487" depart="487.00">
        <personTrip from="B2B1" to="C0C1"/>
    </person>
    <person id="488" depart="488.00">
        <personTrip from="A3A2" to="E2E1"/>
    </person>
    <person id="489" depart="489.00">
        <personTrip from="B2B1" to="C1D1"/>
    </person>
    <person id="490" depart="490.00">
        <personTrip from="A2A3" to="E1E0"/>
    </person>
    <person id="491" depart="491.00">
        <personTrip from="A3A2" to="C1C0"/>
    </person>
    <person id="492" depart="492.00">
        <personTrip from="D1C1" to="D2D1"/>
    </person>
    <person id="493" depart="493.00">
        <personTrip from="E2E1" to="C0C1"/>
    </person>
    <person id="494" depart="494.00">
        <personTrip from="D2D1" to="A3B3"/>
    </person>
    <person id="495" depart="495.00">
        <personTrip from="C0C1" to="A2A3"/>
    </person>
    <person id="496" depart="496.00">
        <personTrip from="C1D1" to="C0C1"/>
    </person>
    <person id="497" depart="497.00">
        <personTrip from="E2E1" to="A1A0"/>
    </person>
    <person id="498" depart="498.00">
        <personTrip from="B3B2" to="C1B1"/>
    </person>
    <person id="499" depart="499.00">
        <personTrip from="E2E1" to="E0E1"/>
    </person>
</routes>
