<?xml version="1.0" encoding="UTF-8"?>

<!-- generated on Saturday 08 April 2023 08:33:01 AM by Eclipse SUMO GUI Version 1.4.0
<configuration xmlns:xsi="http://www.w3.org/2001/XMLSchema-instance" xsi:noNamespaceSchemaLocation="http://sumo.dlr.de/xsd/sumoConfiguration.xsd">

    <input>
        <net-file value="in/net/my_grid_1.net.xml"/>
        <route-files value="in/route/my_grid.veh.rou.xml"/>
        <additional-files value="in/add/my_grid_detector_400.add.xml,in/add/my_grid_detector_100.add.xml"/>
    </input>

    <time>
        <begin value="0"/>
    </time>

    <processing>
        <time-to-teleport value="-1"/>
    </processing>

</configuration>
-->

<detector xmlns:xsi="http://www.w3.org/2001/XMLSchema-instance" xsi:noNamespaceSchemaLocation="http://sumo.dlr.de/xsd/det_e2_file.xsd">
</detector>
